<?xml version="1.0" encoding="utf-8" ?> 
<component name="ItemComponent" extends="Group">

<interface>
  <field id="width" type="float" onChange="widthChanged"/> 
  <field id="height" type="float" onChange="heightChanged"/> 
  <field id="index" type="int" />
  <field id="rowIndex" type="int" />
  <field id="itemContent" type="node" onChange="itemContentChanged"/> 
  <field id="focusPercent" type="float" onChange="focusPercentChanged"/> 
  <field id="rowFocusPercent" type="float"/>
  <field id="rowHasFocus" type="bool" />
  <field id="rowListHasFocus" type="bool" onChange="focusPercentChanged"/>
  <field id="mupItem" type="bool" />
</interface>

<script type="text/brightscript" uri="pkg:/components/common/ItemComponent/ItemComponent.brs"/>
<script  type="text/brightscript" uri="pkg:/source/common/AppConstants.brs"/>
<children>

<Group id="GalleryGroup">

<Rectangle id="destacadosRect" color="0x303030" translation = "[0, 0]" width="400" height="224" visible="false"></Rectangle>
<Rectangle id="radioRect" color="0x303030" translation = "[0, 0]" width="400" height="224" visible="false"></Rectangle>
<Poster id="pgmPosterUrl" translation = "[0, 0]"  visible="true"></Poster>
<Label id="channelName" translation = "[20, 250]" color="#DDE2E6" visible="false"/>
		    	
</Group>

</children>

</component>

