<?xml version="1.0" encoding="utf-8" ?> 
<component name="Controller" extends="Scene">
    <interface>
    	<field id="appLaunchParams" type="assocarray" alwaysNotify="true" onChange="onAppLaunchParamsAvailable"/>
    </interface>
    
    <script type="text/brightscript" uri="pkg:/components/screens/controller/Controller.brs" />
    <script  type="text/brightscript" uri="pkg:/source/common/AppConstants.brs"/>
    <script type="text/brightscript" uri="pkg:/source/common/utils/ComponentUtils.brs" />
    
    <children>
    </children>
</component>
