{

	"videos": [
		{
			"videoTitle":"EL CAMINO",
			"videoDesc":"Cortometraje inspirado en las persnas que dejan su familia con la idea de alcanzar un futuro mejor.",
			"videoPoster":"pkg:/locale/images/$$RES$$/elcamino.jpg",
			"VideoUrl":"http://jcagarcia.com/dtv/elcamino.mp4",
			"videoType" : "movie" 
		},
		{
			"videoTitle":"TRAVEL WITH ME",
			"videoDesc":"Conoces las aventuras de Juan Carlos por el mundo en cada unos de sus videos.",
			"videoPoster":"pkg:/locale/images/$$RES$$/travelwithme.jpg",
			"VideoUrl":"",
			"videoType" : "series",
		    "episodes" : [
                  {
                	  "name" : "Panama", 
                	  "VideoUrl" : "http://jcagarcia.com/dtv/programs/Panama.mp4"
                  },
                  {
	                  "name" : "T2, Ep2: Nashla Bogaert viaja Isla Adentro", 
	                  "VideoUrl" : "http://jcagarcia.com/dtv/elcamino.mp4"
	              },
	              {
	                  "name" : "T2, Ep3: Pedernales, mas que Bahia", 
	                  "VideoUrl" : "http://jcagarcia.com/dtv/elcamino.mp4"
		          },
		          {
	                  "name" : "T2, Ep4: El mundo secreto de al provincia Peravia", 
	                  "VideoUrl" : "http://jcagarcia.com/dtv/elcamino.mp4"
			      },
			      {
	                  "name" : "T2. Ep5: Lo que no sabias de Isla Adentro, Q&A", 
	                  "VideoUrl" : "http://jcagarcia.com/dtv/elcamino.mp4"
				  }
	          ]
		}
	]
}